sku,no,part_no,part_name,price,stocks,beg_inv,items_in,remarks_in,items_out,remarks_out
1E6C45-73060,1,1E6C45-73060,Assy Idler Yanmar AW70,500.00,5,5,0,,0,
90105-10235,1,90105-10235,TOYOTA HILUX TIMING BELT,1200.00,3,3,0,,0,
1E6B30-39000,2,1E6B30-39000,Concave Yanmar Harvester,800.00,2,2,0,,0,
12,3,12,6206 sealed type NSK JAPAN,150.00,10,10,0,,0,
1E6B30-17850,5,1E6B30-17850,ARM CD YR/HC,250.00,4,4,0,,0,
13,4,13,ASSY SHAFT CLUTCH DC70,350.00,6,6,0,,0,
1E8941-73350,6,1E8941-73350,SPROCKET AW70/YH700,400.00,3,3,0,,0,
5H492-16452,7,5H492-16452,ROLLER DRIVE DC60,300.00,4,4,0,,0,
1E6B30-17101,8,1E6B30-17101,BACKING EDGE A,200.00,2,2,0,,0,
5T124-5126-3,9,5T124-5126-3,LINK CUTTING BLADE,180.00,5,5,0,,0,
DC70PHPLUS,10,DC70PHPLUS,FUEL FILTER DC70,220.00,8,8,0,,0,
04611-00620,11,04611-00620,CIR-CLIP INTERNAL,50.00,15,15,0,,0,
6MM,12,6MM,CUTTING BLADE 6MM,160.00,7,7,0,,0,
1E6B30-45130,13,1E6B30-45130,GEAR BEVEL 17T,900.00,2,2,0,,0,
5T051-23912,14,5T051-23912,Assy Plug Track Roller,280.00,3,3,0,,0,
14,15,14,6308 Open Type NSK,140.00,12,12,0,,0,
18L,16,18L,KRX Roto Blade Blue,450.00,4,4,0,,0,
5H484-3138-2,17,5H484-3138-2,ASSY LAMP ELECTRIC,95.00,6,6,0,,0,
110,18,110,6205 sealed type TIMKEN,135.00,10,10,0,,0,
